latitude;longitude;elevation;time
-3.74468661;-38.57741007;16.312;2024-04-09 13:14:22
-3.74468491;-38.57741068;16.476;2024-04-09 13:14:23
-3.74468784;-38.57741192;16.121;2024-04-09 13:14:24
-3.74468931;-38.57741166;15.629;2024-04-09 13:14:25
-3.74469007;-38.57741203;15.846;2024-04-09 13:14:26
-3.74469370;-38.57741378;15.975;2024-04-09 13:14:27
-3.74469538;-38.57741455;16.039;2024-04-09 13:14:28
-3.74469388;-38.57741314;16.486;2024-04-09 13:14:29
-3.74469179;-38.57741077;16.998;2024-04-09 13:14:30
-3.74469544;-38.57741263;17.009;2024-04-09 13:14:31
-3.74469721;-38.57741417;17.140;2024-04-09 13:14:32
-3.74469670;-38.57741351;17.438;2024-04-09 13:14:33
-3.74469613;-38.57741496;17.870;2024-04-09 13:14:34
-3.74469469;-38.57741259;17.800;2024-04-09 13:14:35
-3.74469546;-38.57741545;17.860;2024-04-09 13:14:36
-3.74469529;-38.57741425;17.621;2024-04-09 13:14:37
-3.74469764;-38.57741622;18.046;2024-04-09 13:14:38
-3.74469939;-38.57741757;18.377;2024-04-09 13:14:39
-3.74470335;-38.57741960;18.656;2024-04-09 13:14:40
-3.74469839;-38.57742071;18.908;2024-04-09 13:14:41
-3.74469725;-38.57742196;19.128;2024-04-09 13:14:42
-3.74469355;-38.57742225;19.404;2024-04-09 13:14:43
-3.74469192;-38.57742099;19.801;2024-04-09 13:14:44
-3.74469267;-38.57742128;19.805;2024-04-09 13:14:45
-3.74469226;-38.57742300;19.534;2024-04-09 13:14:46
-3.74469178;-38.57742443;19.495;2024-04-09 13:14:47
-3.74468883;-38.57742348;19.257;2024-04-09 13:14:48
-3.74468726;-38.57742182;19.469;2024-04-09 13:14:49
-3.74468956;-38.57742338;20.072;2024-04-09 13:14:50
-3.74469124;-38.57742481;20.420;2024-04-09 13:14:51
-3.74469323;-38.57742398;20.527;2024-04-09 13:14:52
-3.74469405;-38.57742690;20.688;2024-04-09 13:14:53
-3.74469751;-38.57742838;20.808;2024-04-09 13:14:54
-3.74470068;-38.57743186;20.829;2024-04-09 13:14:55
-3.74470192;-38.57743506;20.738;2024-04-09 13:14:56
-3.74470363;-38.57743661;20.398;2024-04-09 13:14:57
-3.74470519;-38.57743677;20.456;2024-04-09 13:14:58
-3.74470652;-38.57743673;20.064;2024-04-09 13:14:59
-3.74470698;-38.57743888;20.293;2024-04-09 13:15:00
-3.74470946;-38.57743546;19.632;2024-04-09 13:15:01
-3.74470864;-38.57743721;19.413;2024-04-09 13:15:02
-3.74470783;-38.57743418;19.315;2024-04-09 13:15:03
-3.74470740;-38.57743476;19.279;2024-04-09 13:15:04
-3.74470720;-38.57743457;19.723;2024-04-09 13:15:05
-3.74470649;-38.57743241;19.667;2024-04-09 13:15:06
-3.74470567;-38.57743107;19.548;2024-04-09 13:15:07
-3.74470662;-38.57742902;19.541;2024-04-09 13:15:08
-3.74470812;-38.57742858;19.498;2024-04-09 13:15:09
-3.74470284;-38.57742542;19.808;2024-04-09 13:15:10
-3.74470388;-38.57742475;20.273;2024-04-09 13:15:11
-3.74470519;-38.57742807;20.265;2024-04-09 13:15:12
-3.74470289;-38.57742856;20.416;2024-04-09 13:15:13
-3.74470180;-38.57742862;20.785;2024-04-09 13:15:14
-3.74470324;-38.57742840;20.947;2024-04-09 13:15:15
-3.74470503;-38.57742895;21.095;2024-04-09 13:15:16
-3.74470298;-38.57742835;21.363;2024-04-09 13:15:17
-3.74469868;-38.57742844;21.228;2024-04-09 13:15:18
-3.74470275;-38.57742705;21.044;2024-04-09 13:15:19
-3.74470584;-38.57742480;20.942;2024-04-09 13:15:20
-3.74470948;-38.57742733;20.847;2024-04-09 13:15:21
-3.74471164;-38.57743204;20.808;2024-04-09 13:15:22
-3.74471311;-38.57743580;20.956;2024-04-09 13:15:23
-3.74471304;-38.57743594;20.837;2024-04-09 13:15:24
-3.74471227;-38.57743427;20.895;2024-04-09 13:15:25
-3.74471083;-38.57743670;20.625;2024-04-09 13:15:26
-3.74470671;-38.57743833;20.662;2024-04-09 13:15:27
-3.74470814;-38.57743610;20.684;2024-04-09 13:15:28
-3.74471241;-38.57743487;20.506;2024-04-09 13:15:29
-3.74471728;-38.57743543;20.813;2024-04-09 13:15:30
-3.74471912;-38.57743372;20.917;2024-04-09 13:15:31
-3.74471873;-38.57743134;20.700;2024-04-09 13:15:32
-3.74472075;-38.57743228;20.440;2024-04-09 13:15:33
-3.74472157;-38.57742990;20.344;2024-04-09 13:15:34
-3.74472180;-38.57743055;20.195;2024-04-09 13:15:35
-3.74472366;-38.57743094;19.845;2024-04-09 13:15:36
-3.74472484;-38.57743107;19.735;2024-04-09 13:15:37
-3.74472821;-38.57743179;19.771;2024-04-09 13:15:38
-3.74473065;-38.57743089;20.152;2024-04-09 13:15:39
-3.74473276;-38.57743118;20.711;2024-04-09 13:15:40
-3.74473022;-38.57742812;20.656;2024-04-09 13:15:41
-3.74473015;-38.57742584;20.971;2024-04-09 13:15:42
-3.74472804;-38.57742525;21.088;2024-04-09 13:15:43
-3.74472742;-38.57742727;21.048;2024-04-09 13:15:44
-3.74472913;-38.57743058;21.356;2024-04-09 13:15:45
-3.74473067;-38.57742866;21.264;2024-04-09 13:15:46
-3.74473041;-38.57743078;21.796;2024-04-09 13:15:47
-3.74473085;-38.57743324;22.245;2024-04-09 13:15:48
-3.74472941;-38.57743485;22.558;2024-04-09 13:15:49
-3.74472817;-38.57743628;22.468;2024-04-09 13:15:50
-3.74472628;-38.57743222;22.312;2024-04-09 13:15:51
-3.74472434;-38.57742402;22.573;2024-04-09 13:15:52
-3.74472425;-38.57741332;22.222;2024-04-09 13:15:53
-3.74473181;-38.57740683;22.269;2024-04-09 13:15:54
-3.74473932;-38.57740012;21.914;2024-04-09 13:15:55
-3.74475225;-38.57739254;21.450;2024-04-09 13:15:56
-3.74476396;-38.57738740;21.282;2024-04-09 13:15:57
-3.74477504;-38.57738087;21.570;2024-04-09 13:15:58
-3.74478662;-38.57737548;21.548;2024-04-09 13:15:59
-3.74479822;-38.57737272;21.277;2024-04-09 13:16:00
-3.74481310;-38.57736811;21.351;2024-04-09 13:16:01
-3.74482749;-38.57736373;21.534;2024-04-09 13:16:02
-3.74484134;-38.57735925;21.355;2024-04-09 13:16:03
-3.74485533;-38.57735480;20.967;2024-04-09 13:16:04
-3.74486931;-38.57735073;20.848;2024-04-09 13:16:05
-3.74488305;-38.57734666;20.816;2024-04-09 13:16:06
-3.74489655;-38.57734293;20.716;2024-04-09 13:16:07
-3.74491041;-38.57733936;20.734;2024-04-09 13:16:08
-3.74492390;-38.57733597;20.636;2024-04-09 13:16:09
-3.74493678;-38.57733273;20.664;2024-04-09 13:16:10
-3.74494995;-38.57732909;20.765;2024-04-09 13:16:11
-3.74496371;-38.57732501;20.628;2024-04-09 13:16:12
-3.74498089;-38.57731962;20.531;2024-04-09 13:16:13
-3.74500055;-38.57731363;20.586;2024-04-09 13:16:14
-3.74502225;-38.57730741;20.263;2024-04-09 13:16:15
-3.74504633;-38.57730188;20.487;2024-04-09 13:16:16
-3.74507136;-38.57729683;20.548;2024-04-09 13:16:17
-3.74509724;-38.57729036;20.369;2024-04-09 13:16:18
-3.74512371;-38.57728150;20.318;2024-04-09 13:16:19
-3.74515016;-38.57727063;20.198;2024-04-09 13:16:20
-3.74517514;-38.57726021;20.155;2024-04-09 13:16:21
-3.74519852;-38.57725132;20.114;2024-04-09 13:16:22
-3.74522114;-38.57724366;20.012;2024-04-09 13:16:23
-3.74524378;-38.57723655;20.031;2024-04-09 13:16:24
-3.74526721;-38.57722952;19.952;2024-04-09 13:16:25
-3.74529021;-38.57722230;19.969;2024-04-09 13:16:26
-3.74531064;-38.57721513;19.906;2024-04-09 13:16:27
-3.74532582;-38.57720936;19.780;2024-04-09 13:16:28
-3.74533414;-38.57720594;19.617;2024-04-09 13:16:29
-3.74533766;-38.57720450;19.682;2024-04-09 13:16:30
-3.74533650;-38.57720452;19.636;2024-04-09 13:16:31
-3.74533632;-38.57720440;19.522;2024-04-09 13:16:32
-3.74533809;-38.57720390;19.359;2024-04-09 13:16:33
-3.74534748;-38.57720261;19.473;2024-04-09 13:16:34
-3.74536528;-38.57720323;19.458;2024-04-09 13:16:35
-3.74538606;-38.57721071;19.186;2024-04-09 13:16:36
-3.74540754;-38.57722886;19.014;2024-04-09 13:16:37
-3.74542479;-38.57726010;18.939;2024-04-09 13:16:38
-3.74543660;-38.57729867;18.856;2024-04-09 13:16:39
-3.74544633;-38.57734029;18.672;2024-04-09 13:16:40
-3.74545676;-38.57738184;18.402;2024-04-09 13:16:41
-3.74546183;-38.57742682;18.443;2024-04-09 13:16:42
-3.74548015;-38.57746969;18.417;2024-04-09 13:16:43
-3.74549759;-38.57750798;18.393;2024-04-09 13:16:44
-3.74551743;-38.57754447;18.435;2024-04-09 13:16:45
-3.74553737;-38.57757969;18.407;2024-04-09 13:16:46
-3.74555811;-38.57761295;18.233;2024-04-09 13:16:47
-3.74557786;-38.57764266;18.339;2024-04-09 13:16:48
-3.74559980;-38.57767046;18.301;2024-04-09 13:16:49
-3.74562515;-38.57770081;18.407;2024-04-09 13:16:50
-3.74565165;-38.57773276;18.681;2024-04-09 13:16:51
-3.74568202;-38.57776558;18.700;2024-04-09 13:16:52
-3.74571442;-38.57779892;18.749;2024-04-09 13:16:53
-3.74574859;-38.57783195;18.600;2024-04-09 13:16:54
-3.74578552;-38.57786373;18.571;2024-04-09 13:16:55
-3.74582603;-38.57789182;18.484;2024-04-09 13:16:56
-3.74587237;-38.57791629;18.400;2024-04-09 13:16:57
-3.74592340;-38.57793253;18.425;2024-04-09 13:16:58
-3.74597681;-38.57794036;18.717;2024-04-09 13:16:59
-3.74602761;-38.57793934;18.667;2024-04-09 13:17:00
-3.74607692;-38.57793270;18.607;2024-04-09 13:17:01
-3.74612439;-38.57792055;18.366;2024-04-09 13:17:02
-3.74616698;-38.57790803;18.318;2024-04-09 13:17:03
-3.74620767;-38.57789708;18.342;2024-04-09 13:17:04
-3.74624567;-38.57788542;18.385;2024-04-09 13:17:05
-3.74628338;-38.57787307;18.341;2024-04-09 13:17:06
-3.74631856;-38.57786108;18.531;2024-04-09 13:17:07
-3.74635400;-38.57784994;18.319;2024-04-09 13:17:08
-3.74639692;-38.57783740;18.394;2024-04-09 13:17:09
-3.74644874;-38.57782337;18.325;2024-04-09 13:17:10
-3.74651029;-38.57780277;18.698;2024-04-09 13:17:11
-3.74658063;-38.57778405;18.803;2024-04-09 13:17:12
-3.74665701;-38.57776164;18.986;2024-04-09 13:17:13
-3.74673211;-38.57773887;19.241;2024-04-09 13:17:14
-3.74679957;-38.57771659;19.415;2024-04-09 13:17:15
-3.74685923;-38.57769740;19.554;2024-04-09 13:17:16
-3.74690445;-38.57768230;19.698;2024-04-09 13:17:17
-3.74694185;-38.57766962;20.139;2024-04-09 13:17:18
-3.74698350;-38.57765566;19.999;2024-04-09 13:17:19
-3.74703279;-38.57763539;20.087;2024-04-09 13:17:20
-3.74708927;-38.57760766;20.157;2024-04-09 13:17:21
-3.74714974;-38.57757026;20.355;2024-04-09 13:17:22
-3.74720695;-38.57752083;20.469;2024-04-09 13:17:23
-3.74726453;-38.57746727;20.725;2024-04-09 13:17:24
-3.74731955;-38.57740662;20.751;2024-04-09 13:17:25
-3.74737398;-38.57734333;20.932;2024-04-09 13:17:26
-3.74742973;-38.57728102;21.149;2024-04-09 13:17:27
-3.74748196;-38.57721605;21.017;2024-04-09 13:17:28
-3.74753626;-38.57714847;21.110;2024-04-09 13:17:29
-3.74759015;-38.57708201;21.270;2024-04-09 13:17:30
-3.74764500;-38.57701595;21.410;2024-04-09 13:17:31
-3.74769799;-38.57695166;21.189;2024-04-09 13:17:32
-3.74774877;-38.57688609;21.161;2024-04-09 13:17:33
-3.74779740;-38.57682223;21.270;2024-04-09 13:17:34
-3.74784513;-38.57675864;20.983;2024-04-09 13:17:35
-3.74788918;-38.57669342;20.956;2024-04-09 13:17:36
-3.74792509;-38.57662671;20.848;2024-04-09 13:17:37
-3.74794849;-38.57655444;20.855;2024-04-09 13:17:38
-3.74796044;-38.57647951;20.898;2024-04-09 13:17:39
-3.74795943;-38.57640359;20.760;2024-04-09 13:17:40
-3.74794651;-38.57632834;20.754;2024-04-09 13:17:41
-3.74792506;-38.57625114;20.635;2024-04-09 13:17:42
-3.74790157;-38.57617229;20.460;2024-04-09 13:17:43
-3.74787710;-38.57609005;20.201;2024-04-09 13:17:44
-3.74784910;-38.57600476;19.953;2024-04-09 13:17:45
-3.74782116;-38.57591676;19.873;2024-04-09 13:17:46
-3.74779433;-38.57582603;19.618;2024-04-09 13:17:47
-3.74776967;-38.57573317;19.488;2024-04-09 13:17:48
-3.74774464;-38.57563984;19.330;2024-04-09 13:17:49
-3.74771823;-38.57554504;19.077;2024-04-09 13:17:50
-3.74769208;-38.57544784;18.860;2024-04-09 13:17:51
-3.74766168;-38.57535179;18.744;2024-04-09 13:17:52
-3.74762938;-38.57525642;18.584;2024-04-09 13:17:53
-3.74759710;-38.57516156;18.502;2024-04-09 13:17:54
-3.74756454;-38.57506759;18.315;2024-04-09 13:17:55
-3.74753314;-38.57497435;18.251;2024-04-09 13:17:56
-3.74750270;-38.57488322;18.090;2024-04-09 13:17:57
-3.74747238;-38.57479248;17.910;2024-04-09 13:17:58
-3.74744331;-38.57470210;17.674;2024-04-09 13:17:59
-3.74741434;-38.57461353;17.494;2024-04-09 13:18:00
-3.74738350;-38.57452953;17.549;2024-04-09 13:18:01
-3.74735417;-38.57445357;17.246;2024-04-09 13:18:02
-3.74732999;-38.57438190;16.865;2024-04-09 13:18:03
-3.74730738;-38.57431532;16.897;2024-04-09 13:18:04
-3.74728590;-38.57424919;16.776;2024-04-09 13:18:05
-3.74726550;-38.57417721;16.649;2024-04-09 13:18:06
-3.74724465;-38.57410087;16.669;2024-04-09 13:18:07
-3.74722226;-38.57402148;16.474;2024-04-09 13:18:08
-3.74719607;-38.57394115;16.297;2024-04-09 13:18:09
-3.74717201;-38.57385930;16.198;2024-04-09 13:18:10
-3.74714608;-38.57377878;15.796;2024-04-09 13:18:11
-3.74712083;-38.57369868;15.527;2024-04-09 13:18:12
-3.74709529;-38.57361832;15.133;2024-04-09 13:18:13
-3.74706715;-38.57353757;14.884;2024-04-09 13:18:14
-3.74703820;-38.57345524;14.705;2024-04-09 13:18:15
-3.74701047;-38.57337085;14.423;2024-04-09 13:18:16
-3.74698192;-38.57328470;14.153;2024-04-09 13:18:17
-3.74695331;-38.57319644;14.025;2024-04-09 13:18:18
-3.74692426;-38.57310720;13.818;2024-04-09 13:18:19
-3.74689443;-38.57301837;13.384;2024-04-09 13:18:20
-3.74686811;-38.57293872;13.041;2024-04-09 13:18:21
-3.74684760;-38.57287591;12.762;2024-04-09 13:18:22
-3.74683525;-38.57283418;12.542;2024-04-09 13:18:23
-3.74682240;-38.57279423;12.518;2024-04-09 13:18:24
-3.74680753;-38.57274823;12.302;2024-04-09 13:18:25
-3.74678874;-38.57269335;12.273;2024-04-09 13:18:26
-3.74676556;-38.57263635;11.954;2024-04-09 13:18:27
-3.74673826;-38.57258084;12.079;2024-04-09 13:18:28
-3.74670504;-38.57253021;12.052;2024-04-09 13:18:29
-3.74666087;-38.57249142;11.859;2024-04-09 13:18:30
-3.74660848;-38.57247029;11.456;2024-04-09 13:18:31
-3.74655248;-38.57247119;11.620;2024-04-09 13:18:32
-3.74649712;-38.57248729;11.497;2024-04-09 13:18:33
-3.74644037;-38.57251526;11.450;2024-04-09 13:18:34
-3.74638431;-38.57254413;11.423;2024-04-09 13:18:35
-3.74632731;-38.57257281;11.357;2024-04-09 13:18:36
-3.74626995;-38.57260051;11.183;2024-04-09 13:18:37
-3.74621307;-38.57262822;11.333;2024-04-09 13:18:38
-3.74615623;-38.57265328;11.473;2024-04-09 13:18:39
-3.74610186;-38.57267734;11.346;2024-04-09 13:18:40
-3.74604736;-38.57270114;11.384;2024-04-09 13:18:41
-3.74599232;-38.57272440;11.449;2024-04-09 13:18:42
-3.74593853;-38.57274555;11.334;2024-04-09 13:18:43
-3.74588473;-38.57276583;11.412;2024-04-09 13:18:44
-3.74583283;-38.57278477;11.566;2024-04-09 13:18:45
-3.74578310;-38.57280253;11.573;2024-04-09 13:18:46
-3.74573498;-38.57282019;11.440;2024-04-09 13:18:47
-3.74568414;-38.57283174;11.556;2024-04-09 13:18:48
-3.74563475;-38.57284469;11.301;2024-04-09 13:18:49
-3.74558710;-38.57285894;11.308;2024-04-09 13:18:50
-3.74554286;-38.57287255;11.238;2024-04-09 13:18:51
-3.74550003;-38.57288649;11.048;2024-04-09 13:18:52
-3.74545865;-38.57290164;10.821;2024-04-09 13:18:53
-3.74541873;-38.57291876;10.801;2024-04-09 13:18:54
-3.74539996;-38.57292682;10.925;2024-04-09 13:18:55
-3.74539232;-38.57292765;11.310;2024-04-09 13:18:56
-3.74538546;-38.57293055;11.598;2024-04-09 13:18:57
-3.74537548;-38.57293560;11.696;2024-04-09 13:18:58
-3.74536177;-38.57294142;11.778;2024-04-09 13:18:59
-3.74534384;-38.57294860;11.816;2024-04-09 13:19:00
-3.74531984;-38.57295742;12.012;2024-04-09 13:19:01
-3.74529602;-38.57296817;12.276;2024-04-09 13:19:02
-3.74527159;-38.57298316;12.186;2024-04-09 13:19:03
-3.74524503;-38.57300202;12.012;2024-04-09 13:19:04
-3.74521532;-38.57302476;12.191;2024-04-09 13:19:05
-3.74518439;-38.57305126;11.921;2024-04-09 13:19:06
-3.74515514;-38.57308350;11.838;2024-04-09 13:19:07
-3.74512159;-38.57312379;11.730;2024-04-09 13:19:08
-3.74508523;-38.57316474;11.808;2024-04-09 13:19:09
-3.74504698;-38.57320705;11.817;2024-04-09 13:19:10
-3.74500828;-38.57325226;11.863;2024-04-09 13:19:11
-3.74496782;-38.57329755;11.941;2024-04-09 13:19:12
-3.74492743;-38.57334319;11.604;2024-04-09 13:19:13
-3.74488815;-38.57338632;11.731;2024-04-09 13:19:14
-3.74485210;-38.57342917;11.778;2024-04-09 13:19:15
-3.74481788;-38.57347179;12.034;2024-04-09 13:19:16
-3.74478254;-38.57351311;11.898;2024-04-09 13:19:17
-3.74474717;-38.57356356;11.641;2024-04-09 13:19:18
-3.74470931;-38.57361662;11.667;2024-04-09 13:19:19
-3.74467197;-38.57367346;11.513;2024-04-09 13:19:20
-3.74463145;-38.57373081;11.507;2024-04-09 13:19:21
-3.74459171;-38.57379239;11.478;2024-04-09 13:19:22
-3.74455089;-38.57385696;11.314;2024-04-09 13:19:23
-3.74451025;-38.57392351;11.415;2024-04-09 13:19:24
-3.74447112;-38.57399086;11.220;2024-04-09 13:19:25
-3.74443086;-38.57405724;11.173;2024-04-09 13:19:26
-3.74439320;-38.57412738;11.026;2024-04-09 13:19:27
-3.74434965;-38.57419229;11.023;2024-04-09 13:19:28
-3.74430334;-38.57425456;11.324;2024-04-09 13:19:29
-3.74425376;-38.57431497;11.230;2024-04-09 13:19:30
-3.74419913;-38.57437431;11.524;2024-04-09 13:19:31
-3.74413913;-38.57443220;11.581;2024-04-09 13:19:32
-3.74406762;-38.57449150;11.849;2024-04-09 13:19:33
-3.74399101;-38.57455138;12.225;2024-04-09 13:19:34
-3.74391098;-38.57460742;12.285;2024-04-09 13:19:35
-3.74383305;-38.57465821;12.532;2024-04-09 13:19:36
-3.74375437;-38.57470303;12.814;2024-04-09 13:19:37
-3.74367736;-38.57474378;12.908;2024-04-09 13:19:38
-3.74359984;-38.57477769;12.942;2024-04-09 13:19:39
-3.74352232;-38.57480275;13.126;2024-04-09 13:19:40
-3.74344353;-38.57482006;13.225;2024-04-09 13:19:41
-3.74336277;-38.57482897;13.035;2024-04-09 13:19:42
-3.74328051;-38.57482782;12.887;2024-04-09 13:19:43
-3.74319698;-38.57482572;13.013;2024-04-09 13:19:44
-3.74311114;-38.57482116;12.764;2024-04-09 13:19:45
-3.74302728;-38.57481666;12.629;2024-04-09 13:19:46
-3.74294641;-38.57481357;12.615;2024-04-09 13:19:47
-3.74287188;-38.57481141;12.716;2024-04-09 13:19:48
-3.74280170;-38.57481006;12.528;2024-04-09 13:19:49
-3.74274131;-38.57480889;12.296;2024-04-09 13:19:50
-3.74269999;-38.57480682;12.394;2024-04-09 13:19:51
-3.74266948;-38.57480749;12.412;2024-04-09 13:19:52
-3.74263408;-38.57480730;12.453;2024-04-09 13:19:53
-3.74259551;-38.57480532;12.377;2024-04-09 13:19:54
-3.74255994;-38.57480531;12.426;2024-04-09 13:19:55
-3.74252121;-38.57480423;12.354;2024-04-09 13:19:56
-3.74247770;-38.57480150;12.160;2024-04-09 13:19:57
-3.74242917;-38.57479972;12.343;2024-04-09 13:19:58
-3.74237208;-38.57479846;12.284;2024-04-09 13:19:59
-3.74230859;-38.57479653;12.014;2024-04-09 13:20:00
-3.74224006;-38.57479265;12.037;2024-04-09 13:20:01
-3.74216736;-38.57478666;11.867;2024-04-09 13:20:02
-3.74209057;-38.57478376;11.787;2024-04-09 13:20:03
-3.74201314;-38.57477914;11.665;2024-04-09 13:20:04
-3.74193467;-38.57477510;11.629;2024-04-09 13:20:05
-3.74185785;-38.57477090;11.300;2024-04-09 13:20:06
-3.74178114;-38.57476939;11.272;2024-04-09 13:20:07
-3.74170692;-38.57476730;11.295;2024-04-09 13:20:08
-3.74163490;-38.57476406;11.283;2024-04-09 13:20:09
-3.74156915;-38.57476154;11.071;2024-04-09 13:20:10
-3.74150882;-38.57475742;11.153;2024-04-09 13:20:11
-3.74145482;-38.57474746;11.181;2024-04-09 13:20:12
-3.74140393;-38.57473167;11.050;2024-04-09 13:20:13
-3.74135952;-38.57471036;10.720;2024-04-09 13:20:14
-3.74132205;-38.57468569;10.706;2024-04-09 13:20:15
-3.74128377;-38.57465590;10.254;2024-04-09 13:20:16
-3.74124463;-38.57462839;9.948;2024-04-09 13:20:17
-3.74120146;-38.57460822;9.825;2024-04-09 13:20:18
-3.74115589;-38.57459890;9.599;2024-04-09 13:20:19
-3.74111016;-38.57460163;9.599;2024-04-09 13:20:20
-3.74107078;-38.57461643;9.573;2024-04-09 13:20:21
-3.74103990;-38.57463978;9.487;2024-04-09 13:20:22
-3.74101286;-38.57466936;9.499;2024-04-09 13:20:23
-3.74099115;-38.57470550;9.452;2024-04-09 13:20:24
-3.74097829;-38.57474407;9.479;2024-04-09 13:20:25
-3.74097286;-38.57478658;9.621;2024-04-09 13:20:26
-3.74097244;-38.57483093;10.276;2024-04-09 13:20:27
-3.74097131;-38.57487681;10.333;2024-04-09 13:20:28
-3.74100874;-38.57491205;10.832;2024-04-09 13:20:29
-3.74104042;-38.57494687;10.861;2024-04-09 13:20:30
-3.74108246;-38.57496928;10.836;2024-04-09 13:20:31
-3.74113001;-38.57498921;10.538;2024-04-09 13:20:32
-3.74117237;-38.57501475;10.792;2024-04-09 13:20:33
-3.74120063;-38.57505080;10.901;2024-04-09 13:20:34
-3.74121725;-38.57508430;11.175;2024-04-09 13:20:35
-3.74122847;-38.57510697;11.235;2024-04-09 13:20:36
-3.74123801;-38.57513115;11.357;2024-04-09 13:20:37
-3.74124857;-38.57515792;11.511;2024-04-09 13:20:38
-3.74126164;-38.57518905;11.731;2024-04-09 13:20:39
-3.74127507;-38.57522981;11.655;2024-04-09 13:20:40
-3.74128385;-38.57527360;12.558;2024-04-09 13:20:41
-3.74129637;-38.57531558;12.568;2024-04-09 13:20:42
-3.74131144;-38.57536318;12.700;2024-04-09 13:20:43
-3.74132347;-38.57541975;13.271;2024-04-09 13:20:44
-3.74134329;-38.57547442;13.485;2024-04-09 13:20:45
-3.74136442;-38.57552941;13.599;2024-04-09 13:20:46
-3.74138277;-38.57558363;13.640;2024-04-09 13:20:47
-3.74140286;-38.57563438;13.973;2024-04-09 13:20:48
-3.74142099;-38.57568305;13.914;2024-04-09 13:20:49
-3.74143601;-38.57572967;14.009;2024-04-09 13:20:50
-3.74145168;-38.57577404;14.226;2024-04-09 13:20:51
-3.74146802;-38.57581797;14.625;2024-04-09 13:20:52
-3.74148011;-38.57584952;15.048;2024-04-09 13:20:53
-3.74148776;-38.57586852;15.303;2024-04-09 13:20:54
-3.74149455;-38.57588494;15.448;2024-04-09 13:20:55
-3.74150519;-38.57590990;15.697;2024-04-09 13:20:56
-3.74151462;-38.57593555;15.766;2024-04-09 13:20:57
-3.74152683;-38.57596537;15.909;2024-04-09 13:20:58
-3.74153789;-38.57599620;16.336;2024-04-09 13:20:59
-3.74154840;-38.57603050;16.656;2024-04-09 13:21:00
-3.74156001;-38.57606860;16.822;2024-04-09 13:21:01
-3.74157392;-38.57611470;16.561;2024-04-09 13:21:02
-3.74158693;-38.57616523;15.812;2024-04-09 13:21:03
-3.74160618;-38.57622304;15.842;2024-04-09 13:21:04
-3.74162508;-38.57628396;15.638;2024-04-09 13:21:05
-3.74164903;-38.57635016;15.473;2024-04-09 13:21:06
-3.74167410;-38.57641963;14.954;2024-04-09 13:21:07
-3.74169756;-38.57649148;14.811;2024-04-09 13:21:08
-3.74172541;-38.57656415;14.563;2024-04-09 13:21:09
-3.74175200;-38.57663804;14.199;2024-04-09 13:21:10
-3.74177813;-38.57670958;14.021;2024-04-09 13:21:11
-3.74180261;-38.57678035;13.806;2024-04-09 13:21:12
-3.74182591;-38.57685032;13.643;2024-04-09 13:21:13
-3.74184789;-38.57691391;13.535;2024-04-09 13:21:14
-3.74186772;-38.57697356;13.469;2024-04-09 13:21:15
-3.74189213;-38.57702706;13.699;2024-04-09 13:21:16
-3.74191926;-38.57706294;13.522;2024-04-09 13:21:17
-3.74195027;-38.57708728;13.303;2024-04-09 13:21:18
-3.74198363;-38.57710081;13.215;2024-04-09 13:21:19
-3.74201985;-38.57710697;13.250;2024-04-09 13:21:20
-3.74206074;-38.57711820;12.951;2024-04-09 13:21:21
-3.74210068;-38.57713810;12.839;2024-04-09 13:21:22
-3.74213304;-38.57717099;12.692;2024-04-09 13:21:23
-3.74217206;-38.57720471;12.745;2024-04-09 13:21:24
-3.74221060;-38.57725121;12.468;2024-04-09 13:21:25
-3.74225213;-38.57728647;12.255;2024-04-09 13:21:26
-3.74229454;-38.57731999;12.346;2024-04-09 13:21:27
-3.74234004;-38.57734932;12.103;2024-04-09 13:21:28
-3.74238477;-38.57737738;12.231;2024-04-09 13:21:29
-3.74242934;-38.57740735;11.670;2024-04-09 13:21:30
-3.74247334;-38.57743884;11.972;2024-04-09 13:21:31
-3.74251826;-38.57747450;11.708;2024-04-09 13:21:32
-3.74256314;-38.57750894;12.095;2024-04-09 13:21:33
-3.74260537;-38.57754646;11.992;2024-04-09 13:21:34
-3.74264510;-38.57759231;11.553;2024-04-09 13:21:35
-3.74268831;-38.57763021;11.498;2024-04-09 13:21:36
-3.74272973;-38.57767453;11.425;2024-04-09 13:21:37
-3.74276975;-38.57771815;11.214;2024-04-09 13:21:38
-3.74281145;-38.57776265;11.626;2024-04-09 13:21:39
-3.74284803;-38.57780541;11.367;2024-04-09 13:21:40
-3.74288389;-38.57784479;11.617;2024-04-09 13:21:41
-3.74291910;-38.57788575;11.626;2024-04-09 13:21:42
-3.74294641;-38.57791311;11.740;2024-04-09 13:21:43
-3.74296706;-38.57793235;12.060;2024-04-09 13:21:44
-3.74298788;-38.57795433;11.931;2024-04-09 13:21:45
-3.74301065;-38.57797831;11.994;2024-04-09 13:21:46
-3.74303555;-38.57800415;12.007;2024-04-09 13:21:47
-3.74306393;-38.57803405;11.997;2024-04-09 13:21:48
-3.74309577;-38.57806673;11.949;2024-04-09 13:21:49
-3.74312251;-38.57809864;11.865;2024-04-09 13:21:50
-3.74314638;-38.57812895;12.140;2024-04-09 13:21:51
-3.74316265;-38.57814905;11.930;2024-04-09 13:21:52
-3.74316838;-38.57815438;11.842;2024-04-09 13:21:53
-3.74317089;-38.57815733;11.840;2024-04-09 13:21:54
-3.74316777;-38.57815434;11.692;2024-04-09 13:21:55
-3.74316619;-38.57815442;11.738;2024-04-09 13:21:56
-3.74316556;-38.57815541;11.860;2024-04-09 13:21:57
-3.74316512;-38.57815545;11.975;2024-04-09 13:21:58
-3.74316467;-38.57815553;12.160;2024-04-09 13:21:59
-3.74316396;-38.57815562;12.271;2024-04-09 13:22:00
-3.74316399;-38.57815682;12.680;2024-04-09 13:22:01
-3.74316396;-38.57815635;12.753;2024-04-09 13:22:02
-3.74316408;-38.57815614;12.862;2024-04-09 13:22:03
-3.74316358;-38.57815609;12.910;2024-04-09 13:22:04
-3.74316326;-38.57815635;13.060;2024-04-09 13:22:05
-3.74316320;-38.57815633;13.149;2024-04-09 13:22:06
-3.74316315;-38.57815630;13.166;2024-04-09 13:22:07
-3.74316318;-38.57815632;13.193;2024-04-09 13:22:08
-3.74316316;-38.57815629;13.198;2024-04-09 13:22:09
-3.74316313;-38.57815629;13.203;2024-04-09 13:22:10
-3.74316310;-38.57815627;13.204;2024-04-09 13:22:11
-3.74316306;-38.57815624;13.204;2024-04-09 13:22:12
-3.74316356;-38.57815670;13.360;2024-04-09 13:22:13
-3.74317627;-38.57816922;13.512;2024-04-09 13:22:14
-3.74320004;-38.57819186;13.561;2024-04-09 13:22:15
-3.74323029;-38.57822039;13.865;2024-04-09 13:22:16
-3.74326155;-38.57825062;13.894;2024-04-09 13:22:17
-3.74329892;-38.57828658;13.890;2024-04-09 13:22:18
-3.74334445;-38.57833309;13.833;2024-04-09 13:22:19
-3.74339865;-38.57838694;13.895;2024-04-09 13:22:20
-3.74345739;-38.57844860;13.974;2024-04-09 13:22:21
-3.74351861;-38.57851455;14.183;2024-04-09 13:22:22
-3.74357272;-38.57858448;14.394;2024-04-09 13:22:23
-3.74361835;-38.57866929;14.559;2024-04-09 13:22:24
-3.74365415;-38.57876519;14.456;2024-04-09 13:22:25
-3.74368148;-38.57886842;14.431;2024-04-09 13:22:26
-3.74369763;-38.57897511;14.354;2024-04-09 13:22:27
-3.74371225;-38.57907931;14.450;2024-04-09 13:22:28
-3.74372786;-38.57918692;14.331;2024-04-09 13:22:29
-3.74373969;-38.57929128;14.090;2024-04-09 13:22:30
-3.74375183;-38.57939302;13.961;2024-04-09 13:22:31
-3.74376549;-38.57949201;13.964;2024-04-09 13:22:32
-3.74377693;-38.57959292;13.746;2024-04-09 13:22:33
-3.74379157;-38.57968200;13.539;2024-04-09 13:22:34
-3.74380655;-38.57976777;13.483;2024-04-09 13:22:35
-3.74381476;-38.57984610;13.557;2024-04-09 13:22:36
-3.74382238;-38.57987198;12.846;2024-04-09 13:22:37
-3.74382313;-38.57991399;12.926;2024-04-09 13:22:38
-3.74382811;-38.57995708;12.141;2024-04-09 13:22:39
-3.74382827;-38.58000703;12.362;2024-04-09 13:22:40
-3.74383766;-38.58007153;11.842;2024-04-09 13:22:41
-3.74384761;-38.58014374;11.905;2024-04-09 13:22:42
-3.74385703;-38.58022734;11.590;2024-04-09 13:22:43
-3.74387503;-38.58031633;11.243;2024-04-09 13:22:44
-3.74389213;-38.58043060;11.168;2024-04-09 13:22:45
-3.74391050;-38.58054901;11.448;2024-04-09 13:22:46
-3.74392695;-38.58067463;11.487;2024-04-09 13:22:47
-3.74394291;-38.58080507;11.706;2024-04-09 13:22:48
-3.74395907;-38.58093413;11.586;2024-04-09 13:22:49
-3.74397756;-38.58105321;11.844;2024-04-09 13:22:50
-3.74399581;-38.58117687;11.937;2024-04-09 13:22:51
-3.74403591;-38.58127869;11.678;2024-04-09 13:22:52
-3.74404880;-38.58138299;13.601;2024-04-09 13:22:53
-3.74409939;-38.58147922;13.648;2024-04-09 13:22:54
-3.74414405;-38.58157646;13.927;2024-04-09 13:22:55
-3.74421977;-38.58165065;13.939;2024-04-09 13:22:56
-3.74428870;-38.58173106;13.593;2024-04-09 13:22:57
-3.74435665;-38.58180486;13.406;2024-04-09 13:22:58
-3.74442144;-38.58187317;13.485;2024-04-09 13:22:59
-3.74448000;-38.58193716;13.743;2024-04-09 13:23:00
-3.74454193;-38.58199976;13.716;2024-04-09 13:23:01
-3.74461430;-38.58205347;13.953;2024-04-09 13:23:02
-3.74468723;-38.58211040;14.581;2024-04-09 13:23:03
-3.74476802;-38.58215728;14.914;2024-04-09 13:23:04
-3.74484422;-38.58219682;15.468;2024-04-09 13:23:05
-3.74490487;-38.58222359;15.250;2024-04-09 13:23:06
-3.74494575;-38.58223313;15.601;2024-04-09 13:23:07
-3.74497864;-38.58222896;15.779;2024-04-09 13:23:08
-3.74499811;-38.58221160;15.564;2024-04-09 13:23:09
-3.74500496;-38.58219747;15.940;2024-04-09 13:23:10
-3.74500869;-38.58218953;15.902;2024-04-09 13:23:11
-3.74500992;-38.58218912;15.618;2024-04-09 13:23:12
-3.74500752;-38.58219281;15.716;2024-04-09 13:23:13
-3.74499891;-38.58220063;15.681;2024-04-09 13:23:14
-3.74499202;-38.58220924;15.443;2024-04-09 13:23:15
-3.74498730;-38.58222028;15.430;2024-04-09 13:23:16
-3.74498683;-38.58222987;15.521;2024-04-09 13:23:17
-3.74498784;-38.58223520;15.356;2024-04-09 13:23:18
-3.74498799;-38.58223646;15.216;2024-04-09 13:23:19
-3.74498465;-38.58223326;15.165;2024-04-09 13:23:20
-3.74497434;-38.58222560;14.997;2024-04-09 13:23:21
-3.74496133;-38.58221951;15.004;2024-04-09 13:23:22
-3.74495250;-38.58221731;15.094;2024-04-09 13:23:23
-3.74495027;-38.58221697;15.231;2024-04-09 13:23:24
-3.74495050;-38.58221679;15.336;2024-04-09 13:23:25
-3.74495057;-38.58221650;15.337;2024-04-09 13:23:26
-3.74495066;-38.58221589;15.293;2024-04-09 13:23:27
-3.74495087;-38.58221550;15.389;2024-04-09 13:23:28
-3.74495102;-38.58221526;15.413;2024-04-09 13:23:29
-3.74495127;-38.58221522;15.411;2024-04-09 13:23:30
-3.74495156;-38.58221513;15.561;2024-04-09 13:23:31
-3.74495182;-38.58221500;15.726;2024-04-09 13:23:32
-3.74495198;-38.58221487;15.907;2024-04-09 13:23:33
-3.74495208;-38.58221473;15.952;2024-04-09 13:23:34
-3.74495208;-38.58221462;15.990;2024-04-09 13:23:35
-3.74495204;-38.58221456;15.995;2024-04-09 13:23:36
-3.74495198;-38.58221451;15.991;2024-04-09 13:23:37
-3.74494960;-38.58221422;16.062;2024-04-09 13:23:38
-3.74493614;-38.58221057;15.942;2024-04-09 13:23:39
-3.74490680;-38.58220092;15.790;2024-04-09 13:23:40
-3.74486419;-38.58218776;15.406;2024-04-09 13:23:41
-3.74481940;-38.58217097;15.019;2024-04-09 13:23:42
-3.74476713;-38.58214229;14.892;2024-04-09 13:23:43
-3.74471088;-38.58211181;14.460;2024-04-09 13:23:44
-3.74465466;-38.58207999;14.012;2024-04-09 13:23:45
-3.74460376;-38.58204585;13.775;2024-04-09 13:23:46
-3.74455434;-38.58201147;13.616;2024-04-09 13:23:47
-3.74450728;-38.58195718;13.729;2024-04-09 13:23:48
-3.74445181;-38.58189909;13.452;2024-04-09 13:23:49
-3.74438717;-38.58182760;12.844;2024-04-09 13:23:50
-3.74432039;-38.58175493;12.681;2024-04-09 13:23:51
-3.74425432;-38.58167901;12.190;2024-04-09 13:23:52
-3.74419194;-38.58160133;11.819;2024-04-09 13:23:53
-3.74413587;-38.58152138;12.003;2024-04-09 13:23:54
-3.74409241;-38.58143666;10.979;2024-04-09 13:23:55
-3.74404645;-38.58134630;10.607;2024-04-09 13:23:56
-3.74403370;-38.58125900;9.618;2024-04-09 13:23:57
-3.74400146;-38.58114802;9.721;2024-04-09 13:23:58
-3.74399191;-38.58104318;9.675;2024-04-09 13:23:59
-3.74397525;-38.58092586;9.472;2024-04-09 13:24:00
-3.74395814;-38.58080597;9.388;2024-04-09 13:24:01
-3.74395270;-38.58066604;9.410;2024-04-09 13:24:02
-3.74392645;-38.58051811;9.752;2024-04-09 13:24:03
-3.74390291;-38.58037724;11.083;2024-04-09 13:24:04
-3.74389366;-38.58024404;11.612;2024-04-09 13:24:05
-3.74386750;-38.58012827;12.914;2024-04-09 13:24:06
-3.74384798;-38.58002841;12.632;2024-04-09 13:24:07
-3.74384133;-38.57996468;12.194;2024-04-09 13:24:08
-3.74383247;-38.57991550;12.202;2024-04-09 13:24:09
-3.74382611;-38.57986272;12.257;2024-04-09 13:24:10
-3.74382244;-38.57981548;12.124;2024-04-09 13:24:11
-3.74382191;-38.57977408;10.075;2024-04-09 13:24:12
-3.74381967;-38.57971473;10.410;2024-04-09 13:24:13
-3.74381758;-38.57964893;10.305;2024-04-09 13:24:14
-3.74380381;-38.57955425;9.960;2024-04-09 13:24:15
-3.74378206;-38.57946301;10.340;2024-04-09 13:24:16
-3.74376824;-38.57935544;11.504;2024-04-09 13:24:17
-3.74375161;-38.57925745;12.232;2024-04-09 13:24:18
-3.74373877;-38.57915553;12.744;2024-04-09 13:24:19
-3.74372608;-38.57906295;12.866;2024-04-09 13:24:20
-3.74370913;-38.57898296;12.975;2024-04-09 13:24:21
-3.74368869;-38.57890632;13.118;2024-04-09 13:24:22
-3.74367721;-38.57883544;13.296;2024-04-09 13:24:23
-3.74366276;-38.57876539;13.254;2024-04-09 13:24:24
-3.74363752;-38.57869240;13.704;2024-04-09 13:24:25
-3.74359804;-38.57862405;13.562;2024-04-09 13:24:26
-3.74354535;-38.57855703;13.796;2024-04-09 13:24:27
-3.74348454;-38.57848695;13.713;2024-04-09 13:24:28
-3.74341825;-38.57841603;13.913;2024-04-09 13:24:29
-3.74334817;-38.57834017;14.238;2024-04-09 13:24:30
-3.74327916;-38.57826560;14.260;2024-04-09 13:24:31
-3.74322172;-38.57820630;13.913;2024-04-09 13:24:32
-3.74317971;-38.57816095;13.804;2024-04-09 13:24:33
-3.74314306;-38.57812093;13.860;2024-04-09 13:24:34
-3.74310503;-38.57807926;13.734;2024-04-09 13:24:35
-3.74307010;-38.57804187;13.787;2024-04-09 13:24:36
-3.74304182;-38.57801275;13.735;2024-04-09 13:24:37
-3.74302462;-38.57799354;13.943;2024-04-09 13:24:38
-3.74301064;-38.57797847;13.939;2024-04-09 13:24:39
-3.74299496;-38.57796100;13.893;2024-04-09 13:24:40
-3.74297673;-38.57794027;13.963;2024-04-09 13:24:41
-3.74295586;-38.57791559;14.042;2024-04-09 13:24:42
-3.74292826;-38.57788651;13.964;2024-04-09 13:24:43
-3.74289654;-38.57785269;14.087;2024-04-09 13:24:44
-3.74286331;-38.57781850;13.973;2024-04-09 13:24:45
-3.74282567;-38.57777932;14.187;2024-04-09 13:24:46
-3.74278275;-38.57773511;14.211;2024-04-09 13:24:47
-3.74273896;-38.57768751;14.326;2024-04-09 13:24:48
-3.74269403;-38.57763905;14.159;2024-04-09 13:24:49
-3.74264643;-38.57759175;14.160;2024-04-09 13:24:50
-3.74259502;-38.57754562;14.413;2024-04-09 13:24:51
-3.74254733;-38.57749957;14.534;2024-04-09 13:24:52
-3.74249617;-38.57746144;14.833;2024-04-09 13:24:53
-3.74244446;-38.57742763;14.849;2024-04-09 13:24:54
-3.74239316;-38.57739325;14.800;2024-04-09 13:24:55
-3.74234083;-38.57736039;14.799;2024-04-09 13:24:56
-3.74228907;-38.57732282;14.817;2024-04-09 13:24:57
-3.74223541;-38.57728307;14.556;2024-04-09 13:24:58
-3.74219041;-38.57723560;14.698;2024-04-09 13:24:59
-3.74214786;-38.57718633;14.616;2024-04-09 13:25:00
-3.74210784;-38.57713551;15.349;2024-04-09 13:25:01
-3.74206993;-38.57707862;15.013;2024-04-09 13:25:02
-3.74203420;-38.57701244;14.923;2024-04-09 13:25:03
-3.74200226;-38.57694290;15.145;2024-04-09 13:25:04
-3.74197555;-38.57686572;15.154;2024-04-09 13:25:05
-3.74195559;-38.57678782;15.279;2024-04-09 13:25:06
-3.74194009;-38.57671339;15.039;2024-04-09 13:25:07
-3.74193123;-38.57664002;14.964;2024-04-09 13:25:08
-3.74192496;-38.57656746;15.458;2024-04-09 13:25:09
-3.74192429;-38.57649393;15.579;2024-04-09 13:25:10
-3.74193117;-38.57642083;15.572;2024-04-09 13:25:11
-3.74193834;-38.57635637;15.248;2024-04-09 13:25:12
-3.74194134;-38.57630073;15.262;2024-04-09 13:25:13
-3.74194672;-38.57624394;15.197;2024-04-09 13:25:14
-3.74196284;-38.57619016;15.443;2024-04-09 13:25:15
-3.74198460;-38.57613831;15.302;2024-04-09 13:25:16
-3.74201490;-38.57609113;15.362;2024-04-09 13:25:17
-3.74204656;-38.57604687;15.293;2024-04-09 13:25:18
-3.74207684;-38.57600927;15.005;2024-04-09 13:25:19
-3.74210080;-38.57597317;14.812;2024-04-09 13:25:20
-3.74211426;-38.57593392;14.518;2024-04-09 13:25:21
-3.74211722;-38.57589348;14.447;2024-04-09 13:25:22
-3.74210825;-38.57585491;14.118;2024-04-09 13:25:23
-3.74208816;-38.57582090;14.258;2024-04-09 13:25:24
-3.74205831;-38.57579486;14.327;2024-04-09 13:25:25
-3.74202898;-38.57578715;14.331;2024-04-09 13:25:26
-3.74200765;-38.57578994;14.232;2024-04-09 13:25:27
-3.74198777;-38.57579201;14.217;2024-04-09 13:25:28
-3.74196007;-38.57579261;14.310;2024-04-09 13:25:29
-3.74192960;-38.57579282;14.259;2024-04-09 13:25:30
-3.74189662;-38.57579999;13.867;2024-04-09 13:25:31
-3.74186282;-38.57580953;13.418;2024-04-09 13:25:32
-3.74182792;-38.57582045;13.751;2024-04-09 13:25:33
-3.74178852;-38.57583234;13.825;2024-04-09 13:25:34
-3.74174280;-38.57584756;13.879;2024-04-09 13:25:35
-3.74170091;-38.57586404;14.048;2024-04-09 13:25:36
-3.74165750;-38.57587310;14.239;2024-04-09 13:25:37
-3.74162274;-38.57589251;13.716;2024-04-09 13:25:38
-3.74159096;-38.57590015;14.156;2024-04-09 13:25:39
-3.74155155;-38.57589635;13.949;2024-04-09 13:25:40
-3.74151970;-38.57588467;14.073;2024-04-09 13:25:41
-3.74149388;-38.57585164;13.755;2024-04-09 13:25:42
-3.74148071;-38.57580919;13.070;2024-04-09 13:25:43
-3.74146595;-38.57575969;12.780;2024-04-09 13:25:44
-3.74144789;-38.57570865;12.573;2024-04-09 13:25:45
-3.74143024;-38.57565951;12.194;2024-04-09 13:25:46
-3.74141379;-38.57560652;11.842;2024-04-09 13:25:47
-3.74139492;-38.57555237;11.682;2024-04-09 13:25:48
-3.74137490;-38.57549511;11.342;2024-04-09 13:25:49
-3.74135556;-38.57543689;10.968;2024-04-09 13:25:50
-3.74133332;-38.57537715;10.887;2024-04-09 13:25:51
-3.74131015;-38.57532017;10.761;2024-04-09 13:25:52
-3.74128932;-38.57525888;10.174;2024-04-09 13:25:53
-3.74127021;-38.57520504;10.198;2024-04-09 13:25:54
-3.74125590;-38.57516196;10.309;2024-04-09 13:25:55
-3.74124461;-38.57513074;10.382;2024-04-09 13:25:56
-3.74123763;-38.57510745;9.996;2024-04-09 13:25:57
-3.74123190;-38.57507963;9.807;2024-04-09 13:25:58
-3.74122936;-38.57504805;9.729;2024-04-09 13:25:59
-3.74123265;-38.57501214;9.447;2024-04-09 13:26:00
-3.74124876;-38.57497551;9.023;2024-04-09 13:26:01
-3.74127888;-38.57493899;8.743;2024-04-09 13:26:02
-3.74132043;-38.57491180;8.487;2024-04-09 13:26:03
-3.74137163;-38.57489077;8.322;2024-04-09 13:26:04
-3.74143171;-38.57488165;8.392;2024-04-09 13:26:05
-3.74149451;-38.57487772;8.465;2024-04-09 13:26:06
-3.74156233;-38.57487470;8.738;2024-04-09 13:26:07
-3.74163387;-38.57487685;8.716;2024-04-09 13:26:08
-3.74170889;-38.57487755;8.946;2024-04-09 13:26:09
-3.74178468;-38.57487929;8.909;2024-04-09 13:26:10
-3.74186069;-38.57488081;8.883;2024-04-09 13:26:11
-3.74193648;-38.57488335;9.207;2024-04-09 13:26:12
-3.74200319;-38.57488428;9.626;2024-04-09 13:26:13
-3.74206448;-38.57488537;9.782;2024-04-09 13:26:14
-3.74211982;-38.57488649;9.792;2024-04-09 13:26:15
-3.74217115;-38.57488743;9.833;2024-04-09 13:26:16
-3.74222134;-38.57488877;9.746;2024-04-09 13:26:17
-3.74227735;-38.57488990;9.877;2024-04-09 13:26:18
-3.74234072;-38.57489129;9.995;2024-04-09 13:26:19
-3.74240695;-38.57489232;10.140;2024-04-09 13:26:20
-3.74247431;-38.57489405;10.264;2024-04-09 13:26:21
-3.74254477;-38.57489596;10.367;2024-04-09 13:26:22
-3.74261992;-38.57489882;10.203;2024-04-09 13:26:23
-3.74269861;-38.57490094;10.380;2024-04-09 13:26:24
-3.74278036;-38.57490146;10.231;2024-04-09 13:26:25
-3.74286428;-38.57490358;10.355;2024-04-09 13:26:26
-3.74294959;-38.57490812;10.493;2024-04-09 13:26:27
-3.74303539;-38.57491212;10.420;2024-04-09 13:26:28
-3.74312359;-38.57491432;10.501;2024-04-09 13:26:29
-3.74321430;-38.57491638;10.452;2024-04-09 13:26:30
-3.74331536;-38.57491862;10.468;2024-04-09 13:26:31
-3.74342744;-38.57492120;10.505;2024-04-09 13:26:32
-3.74354644;-38.57492783;10.812;2024-04-09 13:26:33
-3.74366844;-38.57493479;11.247;2024-04-09 13:26:34
-3.74378969;-38.57494094;11.418;2024-04-09 13:26:35
-3.74390178;-38.57494751;11.544;2024-04-09 13:26:36
-3.74400914;-38.57495468;11.702;2024-04-09 13:26:37
-3.74412197;-38.57496364;11.816;2024-04-09 13:26:38
-3.74423289;-38.57497428;11.862;2024-04-09 13:26:39
-3.74433892;-38.57499174;12.129;2024-04-09 13:26:40
-3.74443940;-38.57502519;12.222;2024-04-09 13:26:41
-3.74452928;-38.57507263;12.612;2024-04-09 13:26:42
-3.74460437;-38.57513256;12.834;2024-04-09 13:26:43
-3.74466673;-38.57520393;13.049;2024-04-09 13:26:44
-3.74471575;-38.57528324;13.412;2024-04-09 13:26:45
-3.74475258;-38.57536922;13.709;2024-04-09 13:26:46
-3.74478556;-38.57545409;13.965;2024-04-09 13:26:47
-3.74481277;-38.57554029;14.272;2024-04-09 13:26:48
-3.74484085;-38.57562714;14.776;2024-04-09 13:26:49
-3.74486891;-38.57570819;14.871;2024-04-09 13:26:50
-3.74488798;-38.57578272;15.140;2024-04-09 13:26:51
-3.74490050;-38.57585328;15.430;2024-04-09 13:26:52
-3.74493101;-38.57591734;15.794;2024-04-09 13:26:53
-3.74496552;-38.57597707;16.133;2024-04-09 13:26:54
-3.74498587;-38.57604072;16.233;2024-04-09 13:26:55
-3.74499681;-38.57610135;16.332;2024-04-09 13:26:56
-3.74501209;-38.57615259;16.538;2024-04-09 13:26:57
-3.74502963;-38.57619906;16.754;2024-04-09 13:26:58
-3.74504774;-38.57625166;16.805;2024-04-09 13:26:59
-3.74505864;-38.57630749;16.663;2024-04-09 13:27:00
-3.74507362;-38.57636471;16.949;2024-04-09 13:27:01
-3.74509842;-38.57641936;17.278;2024-04-09 13:27:02
-3.74512661;-38.57647430;17.419;2024-04-09 13:27:03
-3.74515940;-38.57652877;17.340;2024-04-09 13:27:04
-3.74518209;-38.57659144;17.471;2024-04-09 13:27:05
-3.74519383;-38.57665706;17.580;2024-04-09 13:27:06
-3.74520670;-38.57672513;17.618;2024-04-09 13:27:07
-3.74522479;-38.57679230;17.254;2024-04-09 13:27:08
-3.74524517;-38.57685769;17.433;2024-04-09 13:27:09
-3.74527431;-38.57691804;17.501;2024-04-09 13:27:10
-3.74531068;-38.57697286;17.487;2024-04-09 13:27:11
-3.74534071;-38.57703017;17.240;2024-04-09 13:27:12
-3.74536278;-38.57708812;17.413;2024-04-09 13:27:13
-3.74536602;-38.57713735;17.565;2024-04-09 13:27:14
-3.74535682;-38.57717273;17.767;2024-04-09 13:27:15
-3.74534366;-38.57719432;17.630;2024-04-09 13:27:16
-3.74532163;-38.57721480;17.550;2024-04-09 13:27:17
-3.74529089;-38.57722665;17.776;2024-04-09 13:27:18
-3.74525320;-38.57724314;17.939;2024-04-09 13:27:19
-3.74520751;-38.57726080;17.975;2024-04-09 13:27:20
-3.74515744;-38.57727642;18.159;2024-04-09 13:27:21
-3.74510878;-38.57729460;17.796;2024-04-09 13:27:22
-3.74505974;-38.57730961;17.840;2024-04-09 13:27:23
-3.74501536;-38.57732301;17.574;2024-04-09 13:27:24
-3.74498362;-38.57733263;17.561;2024-04-09 13:27:25
-3.74495919;-38.57734071;17.418;2024-04-09 13:27:26
-3.74493501;-38.57734942;17.700;2024-04-09 13:27:27
-3.74491088;-38.57735716;17.452;2024-04-09 13:27:28
-3.74488689;-38.57736834;17.383;2024-04-09 13:27:29
-3.74486862;-38.57737162;17.562;2024-04-09 13:27:30
-3.74485851;-38.57737437;17.825;2024-04-09 13:27:31
-3.74484353;-38.57737744;17.929;2024-04-09 13:27:32
-3.74482848;-38.57738155;17.955;2024-04-09 13:27:33
-3.74481395;-38.57738651;17.926;2024-04-09 13:27:34
-3.74479658;-38.57739228;17.828;2024-04-09 13:27:35
-3.74477805;-38.57739854;17.951;2024-04-09 13:27:36
-3.74476080;-38.57740475;17.889;2024-04-09 13:27:37
-3.74474391;-38.57741241;17.540;2024-04-09 13:27:38
-3.74472786;-38.57742185;17.646;2024-04-09 13:27:39
-3.74471189;-38.57743193;17.736;2024-04-09 13:27:40
-3.74469511;-38.57744023;17.615;2024-04-09 13:27:41
-3.74467870;-38.57744421;17.728;2024-04-09 13:27:42
-3.74466579;-38.57744492;17.794;2024-04-09 13:27:43
-3.74466048;-38.57744391;17.853;2024-04-09 13:27:44
-3.74466132;-38.57744075;17.712;2024-04-09 13:27:45
-3.74466179;-38.57743922;17.900;2024-04-09 13:27:46
-3.74466498;-38.57743782;18.025;2024-04-09 13:27:47
-3.74467224;-38.57743569;18.279;2024-04-09 13:27:48
-3.74468218;-38.57743333;18.332;2024-04-09 13:27:49
-3.74469078;-38.57743202;18.364;2024-04-09 13:27:50
-3.74469726;-38.57743219;18.160;2024-04-09 13:27:51
-3.74470341;-38.57743370;18.084;2024-04-09 13:27:52
-3.74470863;-38.57743646;18.118;2024-04-09 13:27:53
-3.74471220;-38.57743926;18.187;2024-04-09 13:27:54
-3.74471376;-38.57744143;18.205;2024-04-09 13:27:55
-3.74471381;-38.57744400;18.357;2024-04-09 13:27:56
-3.74471372;-38.57744476;18.396;2024-04-09 13:27:57
-3.74471378;-38.57744468;18.446;2024-04-09 13:27:58
-3.74471386;-38.57744410;18.582;2024-04-09 13:27:59
-3.74471407;-38.57744362;18.645;2024-04-09 13:28:00
-3.74471431;-38.57744344;18.629;2024-04-09 13:28:01
-3.74471465;-38.57744329;18.778;2024-04-09 13:28:02
-3.74471496;-38.57744315;18.941;2024-04-09 13:28:03
-3.74471514;-38.57744282;19.030;2024-04-09 13:28:04
-3.74471579;-38.57744212;19.265;2024-04-09 13:28:05
-3.74471576;-38.57744111;19.231;2024-04-09 13:28:06
-3.74471595;-38.57744081;19.119;2024-04-09 13:28:07
-3.74471600;-38.57744073;19.092;2024-04-09 13:28:08
-3.74471588;-38.57744032;19.138;2024-04-09 13:28:09
-3.74471582;-38.57744024;19.135;2024-04-09 13:28:10
-3.74471585;-38.57744021;19.126;2024-04-09 13:28:11
-3.74471585;-38.57744020;19.122;2024-04-09 13:28:12
-3.74471588;-38.57744019;19.130;2024-04-09 13:28:13
-3.74471553;-38.57744009;19.210;2024-04-09 13:28:14
-3.74471512;-38.57744000;19.175;2024-04-09 13:28:15
-3.74471490;-38.57743994;19.183;2024-04-09 13:28:16
-3.74471478;-38.57743990;19.182;2024-04-09 13:28:17
